Email,Subject,Body
marnywkw@gmail.com,Subject 1,Message 7
marnywkw@gmail.com,Subject 2,Message 8
marnywkw@gmail.com,Subject 3,Message 9
marnywkw@gmail.com,Subject 1,Message 10
marnywkw@gmail.com,Subject 2,Message 11
marnywkw@gmail.com,Subject 3,Message 12
marnywkw@gmail.com,Subject 1,Message 7
marnywkw@gmail.com,Subject 2,Message 8
marnywkw@gmail.com,Subject 3,Message 9
marnywkw@gmail.com,Subject 1,Message 10
marnywkw@gmail.com,Subject 2,Message 11
marnywkw@gmail.com,Subject 3,Message 12
marnywkw@gmail.com,Subject 1,Message 7
marnywkw@gmail.com,Subject 2,Message 8
marnywkw@gmail.com,Subject 3,Message 9
marnywkw@gmail.com,Subject 1,Message 10
marnywkw@gmail.com,Subject 2,Message 11
marnywkw@gmail.com,Subject 3,Message 12
marnywkw@gmail.com,Subject 1,Message 7
marnywkw@gmail.com,Subject 2,Message 8
marnywkw@gmail.com,Subject 3,Message 9
marnywkw@gmail.com,Subject 1,Message 10
marnywkw@gmail.com,Subject 2,Message 11
marnywkw@gmail.com,Subject 3,Message 12
marnywkw@gmail.com,Subject 1,Message 7
marnywkw@gmail.com,Subject 2,Message 8
marnywkw@gmail.com,Subject 3,Message 9
marnywkw@gmail.com,Subject 1,Message 10
marnywkw@gmail.com,Subject 2,Message 11
marnywkw@gmail.com,Subject 3,Message 12
marnywkw@gmail.com,Subject 1,Message 7
marnywkw@gmail.com,Subject 2,Message 8
marnywkw@gmail.com,Subject 3,Message 9
marnywkw@gmail.com,Subject 1,Message 10
marnywkw@gmail.com,Subject 2,Message 11
marnywkw@gmail.com,Subject 3,Message 12
